-- MySQL dump 10.13  Distrib 8.0.38, for Win64 (x86_64)
--
-- Host: localhost    Database: ta23a
-- ------------------------------------------------------
-- Server version	8.0.39

/*!40101 SET @OLD_CHARACTER_SET_CLIENT=@@CHARACTER_SET_CLIENT */;
/*!40101 SET @OLD_CHARACTER_SET_RESULTS=@@CHARACTER_SET_RESULTS */;
/*!40101 SET @OLD_COLLATION_CONNECTION=@@COLLATION_CONNECTION */;
/*!50503 SET NAMES utf8 */;
/*!40103 SET @OLD_TIME_ZONE=@@TIME_ZONE */;
/*!40103 SET TIME_ZONE='+00:00' */;
/*!40014 SET @OLD_UNIQUE_CHECKS=@@UNIQUE_CHECKS, UNIQUE_CHECKS=0 */;
/*!40014 SET @OLD_FOREIGN_KEY_CHECKS=@@FOREIGN_KEY_CHECKS, FOREIGN_KEY_CHECKS=0 */;
/*!40101 SET @OLD_SQL_MODE=@@SQL_MODE, SQL_MODE='NO_AUTO_VALUE_ON_ZERO' */;
/*!40111 SET @OLD_SQL_NOTES=@@SQL_NOTES, SQL_NOTES=0 */;

--
-- Table structure for table `comment`
--

DROP TABLE IF EXISTS `comment`;
/*!40101 SET @saved_cs_client     = @@character_set_client */;
/*!50503 SET character_set_client = utf8mb4 */;
CREATE TABLE `comment` (
  `id` int NOT NULL AUTO_INCREMENT,
  `studentid` bigint DEFAULT NULL,
  `comment` varchar(256) DEFAULT NULL,
  PRIMARY KEY (`id`),
  KEY `studentid` (`studentid`),
  CONSTRAINT `comment_ibfk_1` FOREIGN KEY (`studentid`) REFERENCES `student` (`id`)
) ENGINE=InnoDB AUTO_INCREMENT=5 DEFAULT CHARSET=utf8mb4 COLLATE=utf8mb4_0900_ai_ci;
/*!40101 SET character_set_client = @saved_cs_client */;

--
-- Dumping data for table `comment`
--

LOCK TABLES `comment` WRITE;
/*!40000 ALTER TABLE `comment` DISABLE KEYS */;
INSERT INTO `comment` VALUES (1,39904221112,'Rikkus tunni ajal korda'),(2,121778474848,'babla'),(3,60205147621,'Oli t채na v채ga tubli'),(4,121728312722,'lol');
/*!40000 ALTER TABLE `comment` ENABLE KEYS */;
UNLOCK TABLES;

--
-- Table structure for table `course`
--

DROP TABLE IF EXISTS `course`;
/*!40101 SET @saved_cs_client     = @@character_set_client */;
/*!50503 SET character_set_client = utf8mb4 */;
CREATE TABLE `course` (
  `code` varchar(8) NOT NULL,
  `description` varchar(256) DEFAULT NULL,
  PRIMARY KEY (`code`)
) ENGINE=InnoDB DEFAULT CHARSET=utf8mb4 COLLATE=utf8mb4_0900_ai_ci;
/*!40101 SET character_set_client = @saved_cs_client */;

--
-- Dumping data for table `course`
--

LOCK TABLES `course` WRITE;
/*!40000 ALTER TABLE `course` DISABLE KEYS */;
INSERT INTO `course` VALUES ('DB-11','Andmebaasid I'),('IT-01','Sissejuhatus informaatikasse'),('MATH_K','Kitsas matemaatika'),('MATH_L','Lai matemaatika'),('MM-22','2022 Multimeedia'),('WD-20','Veebidisain');
/*!40000 ALTER TABLE `course` ENABLE KEYS */;
UNLOCK TABLES;

--
-- Table structure for table `stgroup`
--

DROP TABLE IF EXISTS `stgroup`;
/*!40101 SET @saved_cs_client     = @@character_set_client */;
/*!50503 SET character_set_client = utf8mb4 */;
CREATE TABLE `stgroup` (
  `code` varchar(8) NOT NULL,
  `description` varchar(256) DEFAULT NULL,
  PRIMARY KEY (`code`)
) ENGINE=InnoDB DEFAULT CHARSET=utf8mb4 COLLATE=utf8mb4_0900_ai_ci;
/*!40101 SET character_set_client = @saved_cs_client */;

--
-- Dumping data for table `stgroup`
--

LOCK TABLES `stgroup` WRITE;
/*!40000 ALTER TABLE `stgroup` DISABLE KEYS */;
INSERT INTO `stgroup` VALUES ('MM-22','2022 Multimeedia'),('MM-23','2023 Multimeedia'),('TA-23A','2023 tarkvaraarendajad (eesti)'),('TA-23B','2023 tarkvaraarendajad (vene)'),('VA-22','2022 Visuaalmeedia'),('VA-23','2023 Visuaalmeedia');
/*!40000 ALTER TABLE `stgroup` ENABLE KEYS */;
UNLOCK TABLES;

--
-- Table structure for table `student`
--

DROP TABLE IF EXISTS `student`;
/*!40101 SET @saved_cs_client     = @@character_set_client */;
/*!50503 SET character_set_client = utf8mb4 */;
CREATE TABLE `student` (
  `id` bigint NOT NULL,
  `firstname` varchar(256) DEFAULT NULL,
  `lastname` varchar(256) DEFAULT NULL,
  `birthdate` date DEFAULT NULL,
  `groupcode` varchar(8) DEFAULT NULL,
  PRIMARY KEY (`id`),
  KEY `groupcode` (`groupcode`),
  CONSTRAINT `student_ibfk_1` FOREIGN KEY (`groupcode`) REFERENCES `stgroup` (`code`)
) ENGINE=InnoDB DEFAULT CHARSET=utf8mb4 COLLATE=utf8mb4_0900_ai_ci;
/*!40101 SET character_set_client = @saved_cs_client */;

--
-- Dumping data for table `student`
--

LOCK TABLES `student` WRITE;
/*!40000 ALTER TABLE `student` DISABLE KEYS */;
INSERT INTO `student` VALUES (39904221112,'Peeter','P천ld','1999-04-22','TA-23B'),(60205147621,'Aleksandra','Poljakova','2002-05-14','TA-23A'),(121728312722,'Maria','Tass','2000-02-22','MM-22'),(121778474848,'Tomm','Kask','2004-12-10','MM-23'),(122222224848,'Kass','Puur','2005-02-11','VA-23'),(1112233445566,'Tanel','Tamm','2001-03-12','VA-22'),(1212323233444,'Kadi','M채gi','2002-02-17','VA-22'),(1357924680132,'Risto','Karu','2003-09-09','VA-23'),(9876543212345,'Piret','Lepp','2001-12-31','VA-22'),(9988776655443,'Kaie','Puu','2000-07-19','MM-23');
/*!40000 ALTER TABLE `student` ENABLE KEYS */;
UNLOCK TABLES;
/*!40103 SET TIME_ZONE=@OLD_TIME_ZONE */;

/*!40101 SET SQL_MODE=@OLD_SQL_MODE */;
/*!40014 SET FOREIGN_KEY_CHECKS=@OLD_FOREIGN_KEY_CHECKS */;
/*!40014 SET UNIQUE_CHECKS=@OLD_UNIQUE_CHECKS */;
/*!40101 SET CHARACTER_SET_CLIENT=@OLD_CHARACTER_SET_CLIENT */;
/*!40101 SET CHARACTER_SET_RESULTS=@OLD_CHARACTER_SET_RESULTS */;
/*!40101 SET COLLATION_CONNECTION=@OLD_COLLATION_CONNECTION */;
/*!40111 SET SQL_NOTES=@OLD_SQL_NOTES */;

-- Dump completed on 2024-09-20  9:49:26
